[
  {
    "id": "2c1b0876-650a-4ef8-b6a0-7790d2ca68c5",
    "data": [
      {
        "text": "I\u0027m called ",
        "userDefined": false
      },
      {
        "text": "given-name",
        "alias": "given-name",
        "meta": "@sys.given-name",
        "userDefined": true
      }
    ],
    "isTemplate": false,
    "count": 0,
    "updated": 0
  },
  {
    "id": "cfe39be6-a87a-4cf1-b00f-6976dd2d4283",
    "data": [
      {
        "text": "My friends call me ",
        "userDefined": false
      },
      {
        "text": "given-name",
        "alias": "given-name",
        "meta": "@sys.given-name",
        "userDefined": true
      }
    ],
    "isTemplate": false,
    "count": 0,
    "updated": 0
  },
  {
    "id": "6b372912-9455-4b0f-9bf9-9a179d855e2c",
    "data": [
      {
        "text": "Call me ",
        "userDefined": false
      },
      {
        "text": "given-name",
        "alias": "given-name",
        "meta": "@sys.given-name",
        "userDefined": true
      }
    ],
    "isTemplate": false,
    "count": 0,
    "updated": 0
  },
  {
    "id": "4491ef7f-55ef-49f1-9352-dbfce4c6ff7c",
    "data": [
      {
        "text": "My name is ",
        "userDefined": false
      },
      {
        "text": "given-name",
        "alias": "given-name",
        "meta": "@sys.given-name",
        "userDefined": true
      }
    ],
    "isTemplate": false,
    "count": 0,
    "updated": 0
  }
]