[
  {
    "id": "6383e902-ac63-4379-a5e4-d82e08f67849",
    "data": [
      {
        "text": "We need to ",
        "userDefined": false
      },
      {
        "text": "agree",
        "alias": "agree",
        "meta": "@sys.any",
        "userDefined": true
      }
    ],
    "isTemplate": false,
    "count": 0,
    "updated": 0
  },
  {
    "id": "2264a092-f7f2-4b72-ae2f-f5016551e2f4",
    "data": [
      {
        "text": "No, I ",
        "userDefined": false
      },
      {
        "text": "agree",
        "alias": "agree",
        "meta": "@sys.any",
        "userDefined": true
      }
    ],
    "isTemplate": false,
    "count": 0,
    "updated": 0
  },
  {
    "id": "a41e302a-6aa8-4764-9186-b69e575b7525",
    "data": [
      {
        "text": "I am ",
        "userDefined": false
      },
      {
        "text": "agree",
        "alias": "agree",
        "meta": "@sys.any",
        "userDefined": true
      }
    ],
    "isTemplate": false,
    "count": 0,
    "updated": 0
  },
  {
    "id": "710fe533-dd78-4017-9ccb-a87aa031f7e5",
    "data": [
      {
        "text": "I ",
        "userDefined": false
      },
      {
        "text": "agree",
        "alias": "agree",
        "meta": "@sys.any",
        "userDefined": true
      },
      {
        "text": " it",
        "userDefined": false
      }
    ],
    "isTemplate": false,
    "count": 0,
    "updated": 0
  },
  {
    "id": "a8c8a593-24c7-48f7-acdd-177de8a546e8",
    "data": [
      {
        "text": "Agree",
        "alias": "agree",
        "meta": "@sys.any",
        "userDefined": true
      },
      {
        "text": " plan",
        "userDefined": false
      }
    ],
    "isTemplate": false,
    "count": 0,
    "updated": 0
  },
  {
    "id": "6c056347-b5ef-430f-9358-151f18c8ec0c",
    "data": [
      {
        "text": "No",
        "meta": "@sys.ignore",
        "userDefined": true
      },
      {
        "text": ", I ",
        "userDefined": false
      },
      {
        "text": "agree",
        "alias": "agree",
        "meta": "@sys.any",
        "userDefined": true
      },
      {
        "text": " at all",
        "userDefined": false
      }
    ],
    "isTemplate": false,
    "count": 0,
    "updated": 0
  },
  {
    "id": "5bf7fbc4-ba18-407c-8c34-8ef23f421ce4",
    "data": [
      {
        "text": "Yes",
        "alias": "agree",
        "meta": "@sys.any",
        "userDefined": true
      },
      {
        "text": ", that is a ",
        "userDefined": false
      },
      {
        "text": "good",
        "meta": "@sys.ignore",
        "userDefined": true
      },
      {
        "text": " plan",
        "userDefined": false
      }
    ],
    "isTemplate": false,
    "count": 0,
    "updated": 0
  },
  {
    "id": "6b3e7fb2-62c0-4e36-8eef-868ba201c265",
    "data": [
      {
        "text": "Sounds ",
        "userDefined": false
      },
      {
        "text": "agree",
        "alias": "agree",
        "meta": "@sys.any",
        "userDefined": true
      }
    ],
    "isTemplate": false,
    "count": 0,
    "updated": 0
  },
  {
    "id": "72c42055-4bef-4a71-b5bc-7a6c65ac8b5d",
    "data": [
      {
        "text": "I am ",
        "userDefined": false
      },
      {
        "text": "agree",
        "alias": "agree",
        "meta": "@sys.any",
        "userDefined": true
      },
      {
        "text": " your plan!",
        "userDefined": false
      }
    ],
    "isTemplate": false,
    "count": 0,
    "updated": 0
  }
]