[
  {
    "id": "020b8558-cff1-4458-87da-238f7f028330",
    "data": [
      {
        "text": "About ",
        "userDefined": false
      },
      {
        "text": "timeLeft",
        "alias": "number-integer",
        "meta": "@sys.number-integer",
        "userDefined": true
      },
      {
        "text": " hours",
        "userDefined": false
      }
    ],
    "isTemplate": false,
    "count": 0,
    "updated": 0
  },
  {
    "id": "364f0d99-a387-435f-8e7f-4ed329f53c02",
    "data": [
      {
        "text": "About ",
        "userDefined": false
      },
      {
        "text": "timeLeft",
        "alias": "number-integer",
        "meta": "@sys.number-integer",
        "userDefined": true
      }
    ],
    "isTemplate": false,
    "count": 0,
    "updated": 0
  },
  {
    "id": "04577321-511b-423f-bceb-398ec0543aad",
    "data": [
      {
        "text": "It should take me about ",
        "userDefined": false
      },
      {
        "text": "timeLeft",
        "alias": "number-integer",
        "meta": "@sys.number-integer",
        "userDefined": true
      },
      {
        "text": " hours",
        "userDefined": false
      }
    ],
    "isTemplate": false,
    "count": 0,
    "updated": 0
  },
  {
    "id": "c9e07c84-3370-4259-b6ad-b080f80b8155",
    "data": [
      {
        "text": "I will be done in ",
        "userDefined": false
      },
      {
        "text": "timeLeft",
        "alias": "number-integer",
        "meta": "@sys.number-integer",
        "userDefined": true
      }
    ],
    "isTemplate": false,
    "count": 0,
    "updated": 0
  },
  {
    "id": "78bab4cf-97b7-4ea4-bb31-da319c1992b1",
    "data": [
      {
        "text": "timeLeft",
        "alias": "number-integer",
        "meta": "@sys.number-integer",
        "userDefined": true
      },
      {
        "text": " hours",
        "userDefined": false
      }
    ],
    "isTemplate": false,
    "count": 0,
    "updated": 0
  },
  {
    "id": "1f867f69-cb6e-411d-839d-7ff09fe88afa",
    "data": [
      {
        "text": "timeLeft",
        "alias": "number-integer",
        "meta": "@sys.number-integer",
        "userDefined": true
      }
    ],
    "isTemplate": false,
    "count": 0,
    "updated": 0
  },
  {
    "id": "f70f88e9-82fd-41f3-b9e6-5685194da86c",
    "data": [
      {
        "text": "It will take ",
        "userDefined": false
      },
      {
        "text": "timeLeft",
        "alias": "number-integer",
        "meta": "@sys.number-integer",
        "userDefined": true
      },
      {
        "text": " hours",
        "userDefined": false
      }
    ],
    "isTemplate": false,
    "count": 0,
    "updated": 0
  },
  {
    "id": "cfcee678-3b82-493f-832b-cab7a125c04e",
    "data": [
      {
        "text": "I need ",
        "userDefined": false
      },
      {
        "text": "timeLeft",
        "alias": "number-integer",
        "meta": "@sys.number-integer",
        "userDefined": true
      }
    ],
    "isTemplate": false,
    "count": 0,
    "updated": 0
  }
]