[
  {
    "id": "a494826f-bd2c-479a-b4d0-0c66245ae86f",
    "data": [
      {
        "text": "Wish",
        "alias": "any",
        "meta": "@sys.any",
        "userDefined": true
      },
      {
        "text": " is too much. I can\u0027t do it!",
        "userDefined": false
      }
    ],
    "isTemplate": false,
    "count": 0,
    "updated": 0
  },
  {
    "id": "46b4c332-9c66-4493-a306-18429426e2ee",
    "data": [
      {
        "text": "I disagree with ",
        "userDefined": false
      },
      {
        "text": "wish",
        "alias": "any",
        "meta": "@sys.any",
        "userDefined": true
      },
      {
        "text": ". Can we change it?",
        "userDefined": false
      }
    ],
    "isTemplate": false,
    "count": 0,
    "updated": 0
  },
  {
    "id": "b141af94-2a58-4249-b2e3-7cfa65fd0a69",
    "data": [
      {
        "text": "I am not content with ",
        "userDefined": false
      },
      {
        "text": "wish",
        "alias": "any",
        "meta": "@sys.any",
        "userDefined": true
      },
      {
        "text": ". Let\u0027s change that!",
        "userDefined": false
      }
    ],
    "isTemplate": false,
    "count": 0,
    "updated": 0
  },
  {
    "id": "dcd20375-fd4b-44a9-b366-8f661d60631f",
    "data": [
      {
        "text": "I want to have ",
        "userDefined": false
      },
      {
        "text": "wish",
        "alias": "any",
        "meta": "@sys.any",
        "userDefined": true
      }
    ],
    "isTemplate": false,
    "count": 0,
    "updated": 0
  },
  {
    "id": "5151ab94-2b92-425e-a7ad-bad0c7bd8e9b",
    "data": [
      {
        "text": "Let\u0027s change ",
        "userDefined": false
      },
      {
        "text": "wish",
        "alias": "any",
        "meta": "@sys.any",
        "userDefined": true
      }
    ],
    "isTemplate": false,
    "count": 0,
    "updated": 0
  },
  {
    "id": "daaf67b6-0d61-4c71-a7af-005106fec6ec",
    "data": [
      {
        "text": "I want to change ",
        "userDefined": false
      },
      {
        "text": "wish",
        "alias": "any",
        "meta": "@sys.any",
        "userDefined": true
      }
    ],
    "isTemplate": false,
    "count": 0,
    "updated": 0
  }
]