[
  {
    "id": "4f5f383e-9be5-43b7-8d09-ad9b3ff9018d",
    "data": [
      {
        "text": "I haven\u0027t ",
        "userDefined": false
      },
      {
        "text": "todo",
        "alias": "to_do",
        "meta": "@sys.any",
        "userDefined": true
      },
      {
        "text": " yet",
        "userDefined": false
      }
    ],
    "isTemplate": false,
    "count": 0,
    "updated": 0
  },
  {
    "id": "df10071f-de45-4cbc-a778-da439bc1af2b",
    "data": [
      {
        "text": "todo",
        "alias": "to_do",
        "meta": "@sys.any",
        "userDefined": true
      }
    ],
    "isTemplate": false,
    "count": 0,
    "updated": 0
  },
  {
    "id": "163c8c52-9569-4e33-9012-e3ec8834a66a",
    "data": [
      {
        "text": "My To-Dos are: ",
        "userDefined": false
      },
      {
        "text": "todo",
        "alias": "to_do",
        "meta": "@sys.any",
        "userDefined": true
      }
    ],
    "isTemplate": false,
    "count": 0,
    "updated": 0
  },
  {
    "id": "ac6ef9b1-f0db-4021-ab0d-7a195f0858e2",
    "data": [
      {
        "text": "I still need to ",
        "userDefined": false
      },
      {
        "text": "todo",
        "alias": "to_do",
        "meta": "@sys.any",
        "userDefined": true
      }
    ],
    "isTemplate": false,
    "count": 0,
    "updated": 0
  },
  {
    "id": "83a1d283-6a33-4c01-a681-cd3d491044fd",
    "data": [
      {
        "text": "I have to ",
        "userDefined": false
      },
      {
        "text": "todo",
        "alias": "to_do",
        "meta": "@sys.any",
        "userDefined": true
      }
    ],
    "isTemplate": false,
    "count": 0,
    "updated": 0
  }
]