[
  {
    "id": "b2167e71-d77c-48ca-beeb-77ad5e84ed78",
    "data": [
      {
        "text": "What\u0027s up ",
        "userDefined": false
      },
      {
        "text": "buddyName",
        "alias": "buddyName",
        "meta": "@sys.any",
        "userDefined": true
      }
    ],
    "isTemplate": false,
    "count": 0,
    "updated": 0
  },
  {
    "id": "1c17557e-c8b6-48e3-a2db-5d697b67a83f",
    "data": [
      {
        "text": "Hello ",
        "userDefined": false
      },
      {
        "text": "buddyName",
        "alias": "buddyName",
        "meta": "@sys.any",
        "userDefined": true
      }
    ],
    "isTemplate": false,
    "count": 0,
    "updated": 0
  },
  {
    "id": "083a7501-04e8-4bbd-90c5-cdc540e668b4",
    "data": [
      {
        "text": "Hi ",
        "userDefined": false
      },
      {
        "text": "buddyName",
        "alias": "buddyName",
        "meta": "@sys.any",
        "userDefined": true
      }
    ],
    "isTemplate": false,
    "count": 0,
    "updated": 0
  }
]