[
  {
    "id": "4b6b94a1-f7ae-469e-a5c2-2d3c74ccd5cd",
    "data": [
      {
        "text": "n_y",
        "alias": "y_n",
        "meta": "@sys.any",
        "userDefined": true
      },
      {
        "text": ", thanks",
        "userDefined": false
      }
    ],
    "isTemplate": false,
    "count": 0,
    "updated": 0
  },
  {
    "id": "d4358457-78cb-47c8-824a-1a023f056be1",
    "data": [
      {
        "text": "n_y",
        "alias": "y_n",
        "meta": "@sys.any",
        "userDefined": true
      },
      {
        "text": ", please",
        "userDefined": false
      }
    ],
    "isTemplate": false,
    "count": 0,
    "updated": 0
  },
  {
    "id": "845e1f6a-91b4-4f5f-ac56-885801756ae4",
    "data": [
      {
        "text": "Sure, ",
        "userDefined": false
      },
      {
        "text": "y_n",
        "alias": "y_n",
        "meta": "@sys.any",
        "userDefined": true
      }
    ],
    "isTemplate": false,
    "count": 0,
    "updated": 0
  },
  {
    "id": "f1aebe3a-96eb-49ca-a0ab-eaddde93f83d",
    "data": [
      {
        "text": "y_n",
        "alias": "y_n",
        "meta": "@sys.any",
        "userDefined": true
      },
      {
        "text": ", of course not",
        "userDefined": false
      }
    ],
    "isTemplate": false,
    "count": 0,
    "updated": 0
  },
  {
    "id": "2acfc05b-9c40-414f-a106-491eddf04cff",
    "data": [
      {
        "text": "y_n",
        "alias": "y_n",
        "meta": "@sys.any",
        "userDefined": true
      }
    ],
    "isTemplate": false,
    "count": 0,
    "updated": 0
  },
  {
    "id": "28c1007c-8b36-45c9-9067-1a6e686df337",
    "data": [
      {
        "text": "y_n",
        "alias": "y_n",
        "meta": "@sys.any",
        "userDefined": true
      },
      {
        "text": ", indeed",
        "userDefined": false
      }
    ],
    "isTemplate": false,
    "count": 0,
    "updated": 0
  }
]